<application>
  <component name="DesignSurface">
    <option name="filePathToZoomLevelMap">
      <map>
        <entry key="..\:/Users/corn_soup/AndroidStudioProjects/Gameparty/app/src/main/res/layout/activity_login.xml" value="0.20364583333333333" />
        <entry key="..\:/Users/corn_soup/AndroidStudioProjects/Gameparty/app/src/main/res/layout/activity_main.xml" value="0.3651041666666667" />
        <entry key="..\:/Users/corn_soup/AndroidStudioProjects/Gameparty/app/src/main/res/layout/activity_sign_up.xml" value="0.19947916666666668" />
        <entry key="..\:/Users/corn_soup/AndroidStudioProjects/Gameparty/app/src/main/res/xml/network_security_config.xml" value="0.20364583333333333" />
        <entry key="..\:/Users/corn_soup/AndroidStudioProjects/MyApplication/app/src/main/res/layout/activity_main.xml" value="0.3651041666666667" />
        <entry key="..\:/Users/corn_soup/AndroidStudioProjects/MyApplication2/app/src/main/res/layout/activity_login.xml" value="0.3651041666666667" />
        <entry key="..\:/Users/corn_soup/AndroidStudioProjects/metronome/app/src/main/res/layout/activity_main.xml" value="0.3651041666666667" />
        <entry key="..\:/Users/corn_soup/StudioProjects/idolMaster/app/src/main/res/drawable/ic_baseline_home_24.xml" value="0.3802083333333333" />
        <entry key="..\:/Users/corn_soup/StudioProjects/idolMaster/app/src/main/res/drawable/ic_baseline_image_24.xml" value="0.3802083333333333" />
        <entry key="..\:/Users/corn_soup/StudioProjects/idolMaster/app/src/main/res/drawable/ic_launcher_background.xml" value="0.3802083333333333" />
        <entry key="..\:/Users/corn_soup/StudioProjects/idolMaster/app/src/main/res/drawable/splash.xml" value="0.3802083333333333" />
        <entry key="..\:/Users/corn_soup/StudioProjects/idolMaster/app/src/main/res/layout/activity_image.xml" value="0.3651041666666667" />
        <entry key="..\:/Users/corn_soup/StudioProjects/idolMaster/app/src/main/res/layout/activity_login.xml" value="0.3651041666666667" />
        <entry key="..\:/Users/corn_soup/StudioProjects/idolMaster/app/src/main/res/layout/activity_login_test.xml" value="0.3651041666666667" />
        <entry key="..\:/Users/corn_soup/StudioProjects/idolMaster/app/src/main/res/layout/activity_main.xml" value="0.3651041666666667" />
        <entry key="..\:/Users/corn_soup/StudioProjects/idolMaster/app/src/main/res/layout/activity_signup.xml" value="0.3651041666666667" />
        <entry key="..\:/Users/corn_soup/StudioProjects/idolMaster/app/src/main/res/layout/content_main.xml" value="1.0" />
        <entry key="..\:/Users/corn_soup/StudioProjects/idolMaster/app/src/main/res/layout/fragment_first.xml" value="0.3651041666666667" />
        <entry key="..\:/Users/corn_soup/StudioProjects/idolMaster/app/src/main/res/layout/fragment_image_peed.xml" value="0.34517766497461927" />
        <entry key="..\:/Users/corn_soup/StudioProjects/idolMaster/app/src/main/res/layout/fragment_main.xml" value="0.3651041666666667" />
        <entry key="..\:/Users/corn_soup/StudioProjects/idolMaster/app/src/main/res/layout/fragment_mypage.xml" value="0.3651041666666667" />
        <entry key="..\:/Users/corn_soup/StudioProjects/idolMaster/app/src/main/res/layout/fragment_search.xml" value="0.3651041666666667" />
        <entry key="..\:/Users/corn_soup/StudioProjects/idolMaster/app/src/main/res/layout/fragment_second.xml" value="0.3651041666666667" />
        <entry key="..\:/Users/corn_soup/StudioProjects/idolMaster/app/src/main/res/layout/include_bottom_nav.xml" value="0.3651041666666667" />
        <entry key="..\:/Users/corn_soup/StudioProjects/idolMaster/app/src/main/res/layout/include_cardview.xml" value="0.3651041666666667" />
        <entry key="..\:/Users/corn_soup/StudioProjects/idolMaster/app/src/main/res/layout/include_horizontal_recyclerview.xml" value="0.3651041666666667" />
        <entry key="..\:/Users/corn_soup/StudioProjects/idolMaster/app/src/main/res/layout/include_image_peed.xml" value="0.3651041666666667" />
        <entry key="..\:/Users/corn_soup/StudioProjects/idolMaster/app/src/main/res/layout/itemlist.xml" value="0.20364583333333333" />
        <entry key="..\:/Users/corn_soup/StudioProjects/idolMaster/app/src/main/res/menu/bottom_navigation.xml" value="0.3651041666666667" />
        <entry key="..\:/Users/corn_soup/StudioProjects/idolMaster/app/src/main/res/menu/menu_main.xml" value="0.3651041666666667" />
        <entry key="..\:/Users/corn_soup/StudioProjects/idolMaster/app/src/main/res/mipmap-anydpi-v26/ic_launcher.xml" value="0.21875" />
        <entry key="..\:/Users/corn_soup/StudioProjects/idolMaster/app/src/main/res/mipmap-anydpi-v26/ic_launcher_round.xml" value="0.21875" />
        <entry key="..\:/Users/corn_soup/StudioProjects/ohs-android-develop/app/src/main/res/layout/item_recyclerview.xml" value="0.3651041666666667" />
      </map>
    </option>
  </component>
</application>